No.,ID,TIMESTAMP
1,15408,1745431623295
2,25061,1745431628295
3,18578,1745431633297
4,28566,1745431638299
5,8973,1745431643304
6,1942,1745431648306
7,9516,1745431653308
8,5103,1745431658313
9,9335,1745431663313
10,13211,1745431668317
11,2266,1745431673321
12,8140,1745431678322
13,25999,1745431683326
14,3113,1745431688332
15,15866,1745431693333
16,23504,1745431698336
17,15991,1745431703338
18,21931,1745431708338
19,937,1745431713340
20,16987,1745431718344
21,17458,1745431723344
22,3216,1745431728346
23,11851,1745431733351
24,8873,1745431738352
25,29872,1745431743355
26,21399,1745431748360
27,21618,1745431753360
28,18579,1745431758363
29,11270,1745431763366
30,26700,1745431768367
31,17965,1745431773370
32,22909,1745431778373
33,14935,1745431783374
34,12999,1745431788377
35,24681,1745431793382
36,5319,1745431798383
37,27690,1745431803386
38,29689,1745431808390
39,16396,1745431813390
40,18699,1745431818392
41,24404,1745431823397
42,3015,1745431828399
43,5909,1745431833403
44,7968,1745431838408
45,18000,1745431843407
46,27909,1745431848411
47,14637,1745431853413
48,11586,1745431858413
49,7628,1745431863417
50,10445,1745431868421
51,20264,1745431873421
52,26928,1745431878422
53,10541,1745431883427
54,5959,1745431888428
55,22953,1745431893431
56,1360,1745431898435
57,12628,1745431903435
58,29558,1745431908437
59,13984,1745431913439
60,8590,1745431918440
61,7006,1745431923443
62,637,1745431928443
63,24107,1745431933444
64,14921,1745431938447
65,1946,1745431943455
66,21027,1745431948451
67,17417,1745431953453
68,1807,1745431958459
69,1117,1745431963459
70,7744,1745431968461
71,12220,1745431973465
72,24490,1745431978465
73,23254,1745431983468
74,18612,1745431988474
75,23475,1745431993475
76,29895,1745431998478
77,16348,1745432003481
78,28439,1745432008481
79,15620,1745432013484
80,10008,1745432018489
81,18896,1745432023490
82,23310,1745432028492
83,8345,1745432033494
84,11312,1745432038495
85,9349,1745432043498
86,20205,1745432048503
87,26996,1745432053504
88,10284,1745432058508
89,25402,1745432063513
90,10708,1745432068513
91,12991,1745432073516
92,22795,1745432078517
93,17523,1745432083518
94,28300,1745432088522
95,13289,1745432093523
96,12063,1745432098522
97,1765,1745432103525
98,4529,1745432108530
99,3300,1745432113531
100,7742,1745432118534
101,20953,1745432123539
102,7519,1745432128539
103,5361,1745432133542
104,20996,1745432138547
105,14359,1745432143548
106,10241,1745432148552
107,27239,1745432153554
108,15067,1745432158555
109,26027,1745432163560
110,15893,1745432168564
111,29705,1745432173565
112,21145,1745432178567
113,26953,1745432183569
114,1563,1745432188570
115,13925,1745432193570
116,25241,1745432198573
117,14333,1745432203573
118,18955,1745432208577
119,26570,1745432213582
120,26678,1745432218582
121,28905,1745432223586
122,26913,1745432228588
123,26424,1745432233588
124,22434,1745432238593
125,522,1745432243598
126,20909,1745432248599
127,29190,1745432253602
128,28103,1745432258608
129,23476,1745432263608
130,12549,1745432268608
131,871,1745432273614
132,27767,1745432278613
133,2497,1745432283613
134,13706,1745432288619
135,10531,1745432293620
136,24757,1745432298620
137,17282,1745432303622
138,4377,1745432308623
139,9261,1745432313623
140,7960,1745432318627
141,3313,1745432323627
142,26413,1745432328628
143,29118,1745432333632
144,12647,1745432338633
145,18557,1745432343633
146,17949,1745432348638
147,13986,1745432353638
148,10925,1745432358638
149,8655,1745432363642
150,22832,1745432368643
151,23970,1745432373643
152,23861,1745432378645
153,9591,1745432383645
154,9365,1745432388646
155,11199,1745432393650
156,17086,1745432398650
157,1553,1745432403650
158,8554,1745432408655
159,18411,1745432413656
160,11812,1745432418656
161,14219,1745432423661
162,4367,1745432428661
163,908,1745432433664
164,16294,1745432438669
